tmdb_id,imdb_id,title,release_date,belongs_to_collection,runtime,budget,revenue
861,tt0100802,Total Recall,1990-06-01,False,113,10000000,261317921
196,tt0099088,Back to the Future Part III,1990-05-25,True,118,40000000,244527583
1498,tt0100758,Teenage Mutant Ninja Turtles,1990-03-30,True,93,13500000,202000000
1551,tt0099582,Flatliners,1990-08-10,False,115,26000000,61489265
169,tt0100403,Predator 2,1990-11-20,True,108,35000000,57120318
9556,tt0099365,Darkman,1990-08-24,True,96,16000000,48878502
5549,tt0100502,RoboCop 2,1990-06-22,True,117,35000000,45681173
2612,tt0100201,Mr. Destiny,1990-10-12,False,110,20000000,15379253
34086,tt0100666,Spaced Invaders,1990-04-27,False,100,3000000,15369573
19384,tt0099817,Dark Angel,1990-01-26,False,91,7000000,9229401
11309,tt0099740,Hardware,1990-09-14,False,93,1500000,5728953
23535,tt0099277,Class of 1999,1990-04-01,True,99,5200000,2459895
3072,tt0099612,Frankenstein Unbound,1990-11-02,False,82,11500000,334748
27274,tt0099611,Frankenhooker,1990-06-01,False,85,2500000,205068
192074,tt0098996,Aftershock,1990-10-05,False,91,0,0
530,tt0104361,A Grand Day Out,1990-05-18,True,23,0,0
18317,tt0103129,Truly Madly Deeply,1990-11-10,False,106,0,0
30647,tt0098962,12:01 PM,1990-01-01,False,25,0,0
545334,tt0099864,Stephen King's It,1990-11-18,False,180,0,0
218650,tt0099853,Invasion of the Space Preachers,1990-01-01,False,100,100000,0
280,tt0103064,Terminator 2: Judgment Day,1991-07-03,True,137,102000000,520000000
174,tt0102975,Star Trek VI: The Undiscovered Country,1991-12-05,True,113,27000000,96900000
1497,tt0103060,Teenage Mutant Ninja Turtles II: The Secret of the Ooze,1991-03-22,True,88,25000000,78000000
10249,tt0102803,The Rocketeer,1991-06-21,False,108,42000000,62000000
8010,tt0102034,Highlander 2: The Quickening,1991-10-16,True,91,30000000,15556340
24331,tt0102848,Scanners II: The New Order,1991-06-28,True,104,0,14225876
10379,tt0101775,Drop Dead Fred,1991-04-19,False,103,6788000,13878334
11504,tt0103003,Suburban Commando,1991-10-04,False,88,11000000,8000000
34376,tt0102395,Mannequin Two: On the Move,1991-05-17,True,95,13000000,3752426
892,tt0101700,Delicatessen,1991-04-17,False,99,4000000,1794187
27549,tt0101412,Beastmaster 2: Through the Portal of Time,1991-06-08,True,107,6000000,869325
47620,tt0102687,Poison,1991-04-05,False,85,250000,609524
76516,tt0100129,Meet the Applegates,1991-02-01,False,90,5000000,485772
77664,tt0101343,And You Thought Your Parents Were Weird!,1991-11-15,False,92,0,402539
44192,tt0105597,Timebomb,1991-03-01,False,96,6000000,64532
16191,tt0104418,Highway to Hell,1991-11-21,False,94,9000000,26055
87733,tt0103192,Vegas in Space,1991-10-01,False,85,0,0
100414,tt0102681,Plymouth,1991-05-26,False,100,0,0
10341,tt0101458,Until the End of the World,1991-09-12,False,280,23000000,0
35648,tt0102812,Roujin Z,1991-09-14,False,79,0,0
8077,tt0103644,Alien³,1992-05-22,True,114,50000000,159773545
10326,tt0104291,Forever Young,1992-12-16,False,102,0,128000000
11158,tt0104437,Honey I Blew Up the Kid,1992-07-16,True,89,40000000,58662452
13225,tt0104254,FernGully: The Last Rainforest,1992-04-10,True,76,0,32710894
10163,tt0104692,The Lawnmower Man,1992-03-05,True,108,10000000,32101000
11597,tt0105629,Toys,1992-12-18,False,118,0,23278931
2687,tt0104850,Memoirs of an Invisible Man,1992-02-28,False,99,40000000,14358033
12088,tt0106950,Fortress,1992-09-30,True,95,8000000,6739141
24230,tt0107668,Nemesis,1992-12-26,True,94,0,2001124
13006,tt0105459,Split Second,1992-05-01,False,90,7,5
201685,tt0244218,Solarman,1992-10-23,False,22,0,0
37420,tt0104362,Timescape,1992-05-09,False,99,0,0
3042,tt0106959,Frankenstein,1992-12-29,False,117,0,0
54785,tt0096903,Beethoven Lives Upstairs,1992-09-30,False,51,0,0
39465,tt0104352,Godzilla vs. Mothra,1992-12-12,True,102,0,0
47628,tt0105632,Trancers 3: Deth Lives,1992-10-14,True,75,0,0
1877,tt0104115,Doctor Mordrid,1992-11-02,False,72,2000000,0
9349,tt0105698,Universal Soldier,1992-07-10,True,102,23000000,0
17991,tt0105569,Tetsuo II: Body Hammer,1992-01-01,True,83,0,0
45779,tt0100152,Mindwarp,1992-05-25,False,91,1000000,0
329,tt0107290,Jurassic Park,1993-06-11,True,127,63000000,920100000
9739,tt0106697,Demolition Man,1993-10-08,False,115,57000000,159055768
15613,tt0106912,Fire in the Sky,1993-03-12,False,109,19885552,19724334
6593,tt0107027,Godzilla vs. Mechagodzilla II,1993-12-11,True,108,9500000,18000000
41759,tt0107504,Man's Best Friend,1993-11-19,False,97,6000000,12974636
5550,tt0107978,RoboCop 3,1993-04-17,True,104,22000000,10696210
18890,tt0108526,We're Back! A Dinosaur's Story,1993-11-24,False,72,0,9317021
41651,tt0107009,Ghost in the Machine,1993-12-29,False,104,12000000,5086909
24126,tt0108517,Warlock: The Armageddon,1993-05-01,True,98,3000000,3902679
39283,tt0106521,Carnosaur,1993-05-21,True,83,1000000,1753979
26672,tt0112389,The Thief and the Cobbler,1993-09-23,False,72,28000000,669276
4722,tt0106452,Body Snatchers,1993-06-09,False,87,13000000,428868
28260,tt0107953,Return of the Living Dead 3,1993-10-01,True,97,2000000,54207
35610,tt0107819,Philadelphia Experiment II,1993-11-12,True,97,5000000,2970
18242,tt0108069,The Secret Adventures of Tom Thumb,1993-12-10,False,61,0,0
14572,tt0124770,Patlabor 2: The Movie,1993-08-07,True,107,0,0
288842,tt0300555,Time Machine: The Journey Back,1993-08-25,False,48,0,0
124049,tt0106478,Breakfast of Aliens,1993-01-01,False,88,0,0
85118,tt0108649,Zero Patience,1993-09-10,False,100,0,0
17803,tt0106188,12:01,1993-07-05,False,92,0,0
2164,tt0111282,Stargate,1994-10-27,True,121,55000000,196567262
193,tt0111280,Star Trek: Generations,1994-11-17,True,118,38000000,120000000
3036,tt0109836,Frankenstein,1994-11-04,False,123,45000000,112006296
8831,tt0111438,Timecop,1994-09-15,True,99,27000000,101646581
8850,tt0111143,The Shadow,1994-07-01,True,108,25000000,48063435
8011,tt0110027,Highlander: The Final Dimension,1994-11-29,True,99,26000000,36800000
10447,tt0110678,No Escape,1994-04-29,False,118,20000000,15340000
15139,tt0110763,The Pagemaster,1994-11-23,False,80,27000000,13670688
25557,tt0111003,The Puppet Masters,1994-10-21,False,109,0,8638072
14237,tt0109327,Brainscan,1994-04-22,False,96,0,4352094
2436,tt0106761,Double Dragon,1994-11-04,False,89,3500000,2341309
50767,tt0109098,American Cyborg: Steel Warrior,1994-01-07,False,94,0,447784
35614,tt0108395,A Troll in Central Park,1994-10-07,False,76,23000000,71368
21947,tt0109144,A.P.E.X.,1994-02-01,False,98,0,49601
414753,tt0803000,Greener,1994-09-17,False,11,0,0
251881,tt0111035,Running Delilah,1994-03-22,False,97,0,0
69206,tt0109274,Bionic Ever After?,1994-11-29,False,96,0,0
44117,tt0111735,Without Warning,1994-10-30,False,100,0,0
81936,tt0113325,"Honey, I Shrunk the Audience",1994-11-21,False,23,0,0
81859,tt0111345,T-Force,1994-12-08,False,95,0,0
9804,tt0114898,Waterworld,1995-07-28,False,135,175000000,264218220
6950,tt0114069,Outbreak,1995-03-10,False,127,50000000,189859560
63,tt0114746,Twelve Monkeys,1995-12-29,False,129,29500000,168840000
9482,tt0113492,Judge Dredd,1995-06-30,False,96,90000000,113493481
9348,tt0114508,Species,1995-07-07,True,108,35000000,113374103
9070,tt0113820,Mighty Morphin Power Rangers: The Movie,1995-06-30,True,92,15000000,66000000
9271,tt0114857,Virtuosity,1995-08-04,False,106,30000000,24048000
9886,tt0113481,Johnny Mnemonic,1995-05-26,False,97,25000000,19075720
281,tt0114558,Strange Days,1995-10-13,False,145,42000000,7959291
9102,tt0114367,Screamers,1995-09-08,True,108,20000000,5781885
9067,tt0114614,Tank Girl,1995-03-31,False,98,25000000,4064495
9323,tt0113568,Ghost in the Shell,1995-11-18,True,83,0,2287714
902,tt0112682,The City of Lost Children,1995-05-16,False,108,18000000,1738611
24732,tt0113264,Harrison Bergeron,1995-08-13,False,99,0,0
10840,tt0114038,On Your Mark,1995-07-15,False,7,0,0
222849,tt0114588,Suspect Device,1995-01-01,False,90,0,0
27010,tt0112519,Black Scorpion,1995-08-22,True,92,0,0
39108,tt0142243,Dragon Ball Z: Wrath of the Dragon,1995-07-15,True,51,0,0
12561,tt0113187,Godzilla vs. Destoroyah,1995-12-09,True,103,0,0
92698,tt0114193,Project: Metalbeast,1995-01-03,False,92,0,0
9294,tt0117333,Phenomenon,1996-07-05,False,123,32000000,152036382
199,tt0117731,Star Trek: First Contact,1996-11-21,True,111,46000000,150000000
9327,tt0117218,The Nutty Professor,1996-06-26,True,95,54000000,128769345
75,tt0116996,Mars Attacks!,1996-12-12,False,106,70000000,101371017
12123,tt0115857,Chain Reaction,1996-08-02,False,107,50000000,60209334
7095,tt0116669,Jack,1996-08-09,False,113,45000000,58620973
9306,tt0116654,The Island of Dr. Moreau,1996-08-23,False,96,40000000,49627779
10061,tt0116225,Escape from L.A.,1996-08-09,True,97,50000000,42277365
15691,tt0116118,Doctor Who,1996-03-31,False,89,5000000,42000000
11511,tt0116756,Kazaam,1996-07-17,False,93,20000000,18937262
8766,tt0116514,Hellraiser: Bloodline,1996-03-08,True,86,4000000,16675000
10547,tt0115571,The Arrival,1996-05-31,True,115,25000000,14063331
11867,tt0115624,Barb Wire,1996-05-02,False,98,0,3793614
11525,tt0116839,Lawnmower Man 2: Beyond Cyberspace,1996-01-12,True,92,0,2409225
10690,tt0120199,Space Truckers,1996-03-01,False,95,25000000,1614266
73183,tt0113270,"The Haunted World of Edward D. Wood, Jr.",1996-05-01,False,112,0,0
474532,tt4369184,T2 3-D: Pre-Show,1996-04-27,False,21,0,0
435849,tt0113094,Cyberella : Forbidden Passions,1996-01-18,False,87,0,0
2460,tt0117909,Earth,1996-05-20,False,125,0,0
3065,tt0117128,Mystery Science Theater 3000: The Movie,1996-04-19,False,73,0,0
330,tt0119567,The Lost World: Jurassic Park,1997-05-23,True,129,73000000,618638999
607,tt0119654,Men in Black,1997-07-02,True,98,90000000,589390539
18,tt0119116,The Fifth Element,1997-05-07,False,126,90000000,263920180
754,tt0119094,Face/Off,1997-06-27,False,138,80000000,245676146
415,tt0118688,Batman & Robin,1997-06-20,True,125,125000000,238207122
9574,tt0119137,Flubber,1997-11-26,False,93,80000000,177977226
686,tt0118884,Contact,1997-07-11,False,150,90000000,171120329
8078,tt0118583,Alien Resurrection,1997-11-12,True,109,70000000,162000000
10357,tt0120461,Volcano,1997-04-25,False,104,90000000,122823468
563,tt0120201,Starship Troopers,1997-11-07,True,129,105000000,121214377
10003,tt0120053,The Saint,1997-04-03,False,116,68000000,118063304
10336,tt0120177,Spawn,1997-07-31,False,96,40000000,87840042
816,tt0118655,Austin Powers: International Man of Mystery,1997-05-02,True,94,16500000,67683989
9823,tt0119707,Mortal Kombat: Annihilation,1997-11-21,True,95,30000000,51376861
8413,tt0119081,Event Horizon,1997-08-15,False,96,60000000,26673242
4961,tt0119675,Mimic,1997-08-22,True,105,30000000,25480490
6499,tt0120389,Turbo: A Power Rangers Movie,1997-03-27,True,99,10000000,17979739
9922,tt0119925,The Postman,1997-12-25,False,177,80000000,17626234
782,tt0119177,Gattaca,1997-09-07,False,106,36000000,12532777
8854,tt0120207,Steel,1997-08-15,False,97,16000000,1686429
95,tt0120591,Armageddon,1998-07-01,False,151,140000000,553799566
929,tt0120685,Godzilla,1998-05-20,False,139,130000000,379014294
846,tt0120902,The X Files,1998-06-19,True,121,66000000,189198313
2157,tt0120738,Lost in Space,1998-04-03,False,130,80000000,136159423
200,tt0120844,Star Trek: Insurrection,1998-12-10,True,103,70000000,118000000
11551,tt0122718,Small Soldiers,1998-07-10,False,110,40000000,54682547
9320,tt0118661,The Avengers,1998-08-13,False,89,60000000,48585416
9276,tt0133751,The Faculty,1998-12-25,False,104,15000000,40283321
10153,tt0120184,Sphere,1998-02-13,False,134,80000000,37020277
2666,tt0118929,Dark City,1998-02-27,False,100,27000000,27200316
10216,tt0120841,Species II,1998-04-10,True,93,35000000,19165560
9424,tt0134619,Disturbing Behavior,1998-07-24,False,84,15000000,17507368
9425,tt0120157,Soldier,1998-10-23,False,99,75000000,14567883
9457,tt0118956,Deep Rising,1998-01-30,False,106,45000000,11203026
9827,tt0119891,Phantoms,1998-01-23,False,91,0,5624282
24746,tt0118736,Six-String Samurai,1998-09-18,False,91,2000000,124494
54007,tt0120478,Star Kid,1998-01-16,False,101,0,7
131947,tt0174543,Chameleon,1998-10-22,True,90,0,0
448674,tt0183981,Visions,1998-01-30,False,92,0,0
306974,tt0178747,Max Q: Emergency Landing,1998-11-19,False,91,0,0
1893,tt0120915,Star Wars: Episode I - The Phantom Menace,1999-05-19,True,136,115000000,924317558
603,tt0133093,The Matrix,1999-03-30,True,136,63000000,463517383
817,tt0145660,Austin Powers: The Spy Who Shagged Me,1999-06-08,True,95,33000000,312016858
8487,tt0120891,Wild Wild West,1999-06-29,False,106,170000000,222104681
12599,tt0210234,Pokémon: The Movie 2000,1999-07-17,True,84,30000000,163649270
926,tt0177789,Galaxy Quest,1999-12-23,False,102,45000000,90683916
8914,tt0149261,Deep Blue Sea,1999-07-28,True,105,60000000,73648228
9825,tt0139414,Lake Placid,1999-07-15,True,82,27000000,56870414
9849,tt0120764,My Favorite Martian,1999-02-11,False,94,65000000,36850101
22345,tt0118665,Baby Geniuses,1999-03-12,False,97,12000000,36450736
9824,tt0132347,Mystery Men,1999-08-06,False,121,68000000,29762011
10386,tt0129167,The Iron Giant,1999-08-06,False,86,70000000,23159305
2900,tt0138304,The Astronaut's Wife,1999-08-26,False,109,75000000,19598588
1090,tt0139809,The Thirteenth Floor,1999-04-16,False,100,16000000,18564088
7341,tt0144814,The Rage: Carrie 2,1999-03-11,True,104,21000000,17762705
10208,tt0158811,Muppets from Space,1999-07-14,True,87,24000000,16290976
10366,tt0176269,Universal Soldier: The Return,1999-08-05,True,82,45000000,10667893
10643,tt0188640,Godzilla 2000: Millennium,1999-12-11,True,107,1000000,10037390
82374,tt0238829,Alien Adventure,1999-08-20,False,37,0,8959784
1946,tt0120907,eXistenZ,1999-04-14,False,97,15000000,2856712
36657,tt0120903,X-Men,2000-07-13,True,104,75000000,296339527
9741,tt0217869,Unbreakable,2000-11-13,False,106,75000000,248118121
9383,tt0164052,Hollow Man,2000-08-04,True,112,95000000,190213455
12107,tt0144528,Nutty Professor II: The Klumps,2000-07-27,True,106,84000000,123307945
8843,tt0209958,The Cell,2000-08-17,True,107,33000000,104155843
8452,tt0216216,The 6th Day,2000-11-17,False,123,82000000,96085477
8859,tt0242423,"Dude, Where's My Car?",2000-12-15,False,83,13000000,73180723
10559,tt0186151,Frequency,2000-04-28,False,118,31000000,68106245
2067,tt0183523,Mission to Mars,2000-03-10,False,114,90000000,60874615
889,tt0158622,The Flintstones in Viva Rock Vegas,2000-04-28,True,90,83000000,59468275
2787,tt0134847,Pitch Black,2000-02-18,True,108,23000000,53187659
7450,tt0120913,Titan A.E.,2000-06-16,False,94,75000000,36754634
8870,tt0199753,Red Planet,2000-11-10,False,106,80000000,33463969
5491,tt0185183,Battlefield Earth,2000-05-10,False,118,44000000,21400000
16110,tt0205461,Thomas and the Magic Railroad,2000-07-26,False,85,0,19748009
20455,tt0259974,Digimon: The Movie,2000-03-17,True,82,5500000,16600000
12211,tt0144964,Highlander: Endgame,2000-09-01,True,87,25000000,15843608
11849,tt0190374,Dungeons & Dragons,2000-12-08,True,107,35000000,15185241
10384,tt0134983,Supernova,2000-01-14,False,91,90000000,14828081
22230,tt0208196,Happy Accidents,2000-01-25,False,110,0,688510
331,tt0163025,Jurassic Park III,2001-07-18,True,92,93000000,368780809
869,tt0133152,Planet of the Apes,2001-07-25,False,119,100000000,362211740
644,tt0212720,A.I. Artificial Intelligence,2001-06-29,False,146,100000000,235926552
1903,tt0259711,Vanilla Sky,2001-12-10,False,136,68000000,203388341
10865,tt0230011,Atlantis: The Lost Empire,2001-06-02,True,95,120000000,186053725
9397,tt0251075,Evolution,2001-06-08,False,101,80000000,98376292
9606,tt0293416,Metropolis,2001-05-26,False,108,14500000,95789342
2114,tt0173840,Final Fantasy: The Spirits Within,2001-07-02,True,106,137000000,85131830
12589,tt0268397,Jimmy Neutron: Boy Genius,2001-12-21,False,83,25000000,80936232
10796,tt0267804,The One,2001-11-02,False,87,49000000,72700000
167,tt0272152,K-PAX,2001-10-22,False,120,48000000,50315140
19405,tt0265632,Recess: School's Out,2001-01-27,True,83,10000000,44460850
12600,tt0287635,Pokémon 4Ever: Celebi - Voice of the Forest,2001-07-06,True,75,0,28023563
11470,tt0211443,Jason X,2001-07-24,True,91,11000000,16951798
10016,tt0228333,Ghosts of Mars,2001-08-24,False,98,28000000,14010832
10881,tt0267287,Avalon,2001-01-20,False,107,8000000,8826094
23685,tt0166276,Monkeybone,2001-02-23,False,93,75000000,5409517
26446,tt0242150,Xchange,2001-01-19,False,105,100000,5000000
515208,tt1174122,Bibleman: Breaking The Bonds of Disobedience,2001-01-01,True,45,0,0
509944,tt0332240,The Matwix,2001-09-10,False,3,10000000,0
1894,tt0121765,Star Wars: Episode II - Attack of the Clones,2002-05-15,True,142,120000000,649398328
608,tt0120912,Men in Black II,2002-07-03,True,88,140000000,441818803
2675,tt0286106,Signs,2002-08-02,False,106,72000000,408247917
180,tt0181689,Minority Report,2002-06-20,False,145,102000000,358372926
818,tt0295178,Austin Powers in Goldmember,2002-07-26,True,94,63000000,296655431
9334,tt0277296,The Scorpion King,2002-04-18,True,92,60000000,165333180
2135,tt0268695,The Time Machine,2002-03-04,False,96,80000000,123729176
9016,tt0133240,Treasure Planet,2002-11-26,False,95,140000000,109578115
10771,tt0290095,The Tuxedo,2002-09-27,False,98,60000000,104391623
1576,tt0120804,Resident Evil,2002-03-15,True,100,33000000,102984862
170,tt0289043,28 Days Later,2002-10-31,True,113,5000000,82719885
201,tt0253754,Star Trek: Nemesis,2002-12-13,True,117,60000000,67312826
15028,tt0157472,Clockstoppers,2002-03-17,False,94,26000000,38793283
2103,tt0307479,Solaris,2002-11-27,False,99,47000000,30002758
9296,tt0258153,S1m0ne,2002-08-23,False,117,0,19576023
13768,tt0283084,Tuck Everlasting,2002-10-11,False,90,15000000,19158074
11692,tt0180052,The Adventures of Pluto Nash,2002-08-15,False,95,100000000,7103973
7299,tt0238380,Equilibrium,2002-12-06,False,107,20000000,5359645
379561,,Futurmania,2002-09-02,False,6,0,0
140585,tt0327622,Darth Vader's Psychic Hotline,2002-04-16,False,5,0,0
604,tt0234215,The Matrix Reloaded,2003-05-15,True,138,150000000,738599701
296,tt0181852,Terminator 3: Rise of the Machines,2003-07-02,True,109,200000000,435000000
605,tt0242653,The Matrix Revolutions,2003-11-05,True,129,150000000,424988211
36658,tt0290334,X2,2003-04-24,True,133,110000000,407711549
1927,tt0286716,Hulk,2003-06-19,False,138,137000000,245360480
12279,tt0338459,Spy Kids 3-D: Game Over,2003-07-25,True,84,38000000,197011982
8698,tt0311429,The League of Extraordinary Gentlemen,2003-07-11,False,110,78000000,179265204
9480,tt0287978,Daredevil,2003-02-14,False,103,78000000,179179718
10330,tt0322330,Freaky Friday,2003-08-03,False,97,26000000,110230332
9620,tt0338337,Paycheck,2003-12-25,False,119,60000000,95427515
9341,tt0298814,The Core,2003-03-28,False,136,60000000,74208267
9562,tt0300556,Timeline,2003-11-26,False,116,80000000,43935763
6171,tt0285531,Dreamcatcher,2003-03-21,False,136,68000000,75
310333,tt0378876,Those Who Walk in Darkness,2003-08-03,False,90,0,0
245716,tt0374519,Bad Movie Police: Case #1: Galaxy Of The Dinosaurs,2003-10-14,False,71,0,0
121133,,X-Men: The Legend of Wolverine,2003-04-29,False,79,0,0
11049,tt0368667,Interstella 5555: The 5tory of the 5ecret 5tar 5ystem,2003-05-28,False,68,4000000,0
59711,tt0383278,Comfort and Joy,2003-12-01,False,85,0,0
24362,tt0368575,The Second Renaissance Part II,2003-06-01,False,9,0,0
24358,tt0366179,The Second Renaissance Part I,2003-02-01,False,9,0,0
435,tt0319262,The Day After Tomorrow,2004-05-26,False,124,125000000,544272402
2048,tt0343818,"I, Robot",2004-07-15,False,115,120000000,347234916
395,tt0370263,AVP: Alien vs. Predator,2004-08-12,True,101,70000000,171183863
1577,tt0318627,Resident Evil: Apocalypse,2004-09-10,True,94,45000000,129394835
36648,tt0359013,Blade: Trinity,2004-12-08,True,123,65000000,128905366
10145,tt0356618,The Forgotten,2004-09-24,False,91,42000000,117575636
2789,tt0296572,The Chronicles of Riddick,2004-06-11,True,119,105000000,115772733
9890,tt0327162,The Stepford Wives,2004-06-10,False,93,90000000,102000000
1487,tt0167190,Hellboy,2004-04-02,True,122,66000000,99318987
1954,tt0289879,The Butterfly Effect,2004-01-22,True,113,13000000,96060858
38,tt0338013,Eternal Sunshine of the Spotless Mind,2004-03-19,False,108,20000000,72258126
5137,tt0346156,Sky Captain and the World of Tomorrow,2004-09-17,False,107,70000000,57958696
11058,tt0335121,Godsend,2004-04-30,False,102,25000000,30114487
11052,tt0403703,Yu-Gi-Oh! The Movie,2004-08-13,False,90,20000000,29170410
14623,tt0167456,Thunderbirds,2004-07-23,False,95,57000000,28283637
844,tt0212712,2046,2004-05-20,False,129,12000000,19271312
11662,tt0405821,Casshern,2004-04-24,False,141,6000000,12353768
12140,tt0347246,Ghost in the Shell 2: Innocence,2004-03-06,True,100,0,9789651
10045,tt0414852,District B13,2004-11-09,True,84,12000000,9584131
11633,tt0401233,Appleseed,2004-04-17,True,101,10000000,1461989
1895,tt0121766,Star Wars: Episode III - Revenge of the Sith,2005-05-17,True,140,113000000,850000000
74,tt0407304,War of the Worlds,2005-06-28,True,116,132000000,591739379
9738,tt0120667,Fantastic Four,2005-06-29,True,106,100000000,330579719
9928,tt0358082,Robots,2005-03-10,False,91,75000000,260696994
1635,tt0399201,The Island,2005-07-21,False,136,126000000,162949164
7453,tt0371724,The Hitchhiker's Guide to the Galaxy,2005-04-28,False,109,50000000,104478416
14199,tt0424774,The Adventures of Sharkboy and Lavagirl,2005-06-10,False,92,50000000,69425966
6795,tt0406375,Zathura: A Space Adventure,2005-11-06,False,101,65000000,64321501
9947,tt0357277,Elektra,2005-01-13,False,97,43000000,56681566
8814,tt0419706,Doom,2005-10-20,False,105,60000000,55987321
8202,tt0402022,Æon Flux,2005-11-30,False,93,62000000,52304001
11683,tt0418819,Land of the Dead,2005-06-24,True,93,15000000,46770602
16320,tt0379786,Serenity,2005-09-03,False,119,39000000,38869464
10077,tt0318081,A Sound of Thunder,2005-05-15,False,110,80000000,5989640
11559,tt0410764,Tideland,2005-09-09,False,120,12000000,566611
14337,tt0390384,Primer,2005-06-02,False,77,7000,424760
239908,tt0455951,Fragile Machine,2005-03-05,False,34,0,45000
222060,tt1988546,Anonymous Celebrities: Animatic,2005-10-18,False,99,200,10
399910,tt4919486,The Naive Man From Lolliland,2005-01-01,False,5,0,0
143830,,Megaman X - The Day of Sigma,2005-12-15,False,30,0,0
36668,tt0376994,X-Men: The Last Stand,2006-05-24,True,104,210000000,459359555
1452,tt0348150,Superman Returns,2006-06-28,True,154,270000000,391081192
7551,tt0453467,Déjà Vu,2006-11-22,False,126,75000000,180557550
834,tt0401855,Underworld: Evolution,2006-01-12,True,106,50000000,111340801
1255,tt0468492,The Host,2006-07-27,False,119,11000000,88489643
9693,tt0206634,Children of Men,2006-09-22,False,109,76000000,69959751
37933,tt0495596,Tales from Earthsea,2006-07-29,False,115,22000000,68000000
4474,tt0465624,My Super Ex-Girlfriend,2006-06-20,False,95,0,60896147
9954,tt0475944,The Covenant,2006-09-08,False,97,20000000,37597471
9920,tt0370032,Ultraviolet,2006-03-03,False,87,30000000,31070211
1381,tt0414993,The Fountain,2006-09-06,False,96,35000000,15304890
9035,tt0439815,Slither,2006-03-31,False,95,15000000,12834936
14113,tt0383060,Zoom,2006-08-11,False,83,75600000,12506188
5172,tt0469263,The Astronaut Farmer,2006-10-15,False,104,13000000,11130889
3509,tt0405296,A Scanner Darkly,2006-05-25,False,100,8700000,7659918
14609,tt0491703,Ultimate Avengers,2006-02-21,True,72,0,6700000
14069,tt0808506,The Girl Who Leapt Through Time,2006-07-15,False,98,0,3800000
9389,tt0386741,Renaissance,2006-03-16,False,105,18000000,1831348
4977,tt0851578,Paprika,2006-10-01,False,90,0,944915
7512,tt0387808,Idiocracy,2006-09-01,False,84,30000000,495303
1858,tt0418279,Transformers,2007-06-27,True,144,150000000,709709780
6479,tt0480249,I Am Legend,2007-12-14,False,101,150000000,585349010
7737,tt0432021,Resident Evil: Extinction,2007-09-20,True,94,45000000,148412065
1738,tt0435705,Next,2007-04-24,False,96,70000000,76066841
10253,tt0372873,Dragon Wars: D-War,2007-02-08,False,90,32000000,75108998
1562,tt0463854,28 Weeks Later,2007-04-26,True,100,15000000,64238440
5876,tt0884328,The Mist,2007-11-21,False,126,18000000,57096190
440,tt0758730,Aliens vs Predator: Requiem,2007-12-25,True,94,40000000,41797066
1272,tt0448134,Sunshine,2007-04-05,False,107,50000000,32017803
1534,tt0446013,Pathfinder,2007-01-11,False,99,45000000,30822861
2267,tt0768212,The Last Mimzy,2007-02-09,False,94,0,27297450
9785,tt0435670,The Invisible,2007-04-27,False,102,30000000,26810113
4858,tt0427392,The Invasion,2007-08-17,False,99,80000000,15071514
16873,tt0858486,Battle for Terra,2007-09-06,False,85,4000000,6101046
13025,tt0848557,Diary of the Dead,2007-09-08,True,95,2000000,5364858
14139,tt0480669,Timecrimes,2007-10-05,False,92,2600000,553198
15137,tt0923811,Evangelion: 1.0 You Are (Not) Alone,2007-09-01,True,97,0,223839
22491,tt0377061,I'll Believe You,2007-01-01,False,82,0,24110
15888,tt0918628,Fishtales,2007-08-24,False,94,14000000,9216
392118,tt1333983,Beyond Lemuria,2007-06-22,False,120,0,0
1726,tt0371746,Iron Man,2008-04-30,True,126,140000000,585174222
10200,tt0970416,The Day the Earth Stood Still,2008-12-10,False,104,80000000,233093859
8247,tt0489099,Jumper,2008-02-13,False,88,85000000,222231186
7191,tt1060277,Cloverfield,2008-01-15,False,85,25000000,170764026
1724,tt0800080,The Incredible Hulk,2008-06-12,False,114,150000000,163712074
8645,tt0949731,The Happening,2008-06-11,False,91,60000000,163403799
11253,tt0411477,Hellboy II: The Golden Army,2008-07-11,True,120,85000000,160388063
88751,tt0373051,Journey to the Center of the Earth,2008-07-10,True,93,45000000,101702060
7459,tt0811080,Speed Racer,2008-05-09,False,135,120000000,93945766
10483,tt0452608,Death Race,2008-08-22,True,105,45000000,73762516
9381,tt0364970,Babylon A.D.,2008-08-20,False,101,70000000,72108608
8836,tt0443701,The X Files: I Want to Believe,2008-07-24,True,104,30000000,68369434
12180,tt1185834,Star Wars: The Clone Wars,2008-08-05,False,98,8500000,68282844
11802,tt0482603,Space Chimps,2008-07-17,True,81,37000000,64762724
11260,tt0765476,Meet Dave,2008-07-08,False,90,60000000,50650079
13688,tt0940709,CJ7,2008-01-30,False,86,0,47301471
13956,tt0486321,Fly Me to the Moon,2008-08-15,False,84,25000000,41412264
13812,tt1082868,Quarantine,2008-10-10,True,89,12000000,40855419
8285,tt0831887,The Spirit,2008-12-25,False,103,60000000,39031337
36683,tt1155705,20th Century Boys - Chapter 1: Beginning of the End,2008-08-19,True,142,20000000,31244858
19995,tt0499549,Avatar,2009-12-10,True,162,237000000,2787965087
8373,tt1055369,Transformers: Revenge of the Fallen,2009-06-19,True,150,150000000,836297228
14161,tt1190080,2012,2009-10-10,False,158,200000000,769653595
13475,tt0796366,Star Trek,2009-05-06,True,127,150000000,385680446
15512,tt0892782,Monsters vs Aliens,2009-03-19,False,94,175000000,381509870
2080,tt0458525,X-Men Origins: Wolverine,2009-04-28,True,107,150000000,373062864
534,tt0438488,Terminator Salvation,2009-05-20,True,115,200000000,371353001
14869,tt1046173,G.I. Joe: The Rise of Cobra,2009-08-04,True,118,175000000,302469017
17654,tt1136608,District 9,2009-08-05,False,112,30000000,210819611
13183,tt0409459,Watchmen,2009-03-05,False,163,130000000,185258983
13811,tt0448011,Knowing,2009-03-19,False,121,50000000,155446362
19959,tt0986263,Surrogates,2009-09-24,False,89,80000000,122444772
13836,tt1075417,Race to Witch Mountain,2009-03-12,False,98,50000000,106303988
16866,tt0762125,Planet 51,2009-11-19,False,91,70000000,104945765
16523,tt0386117,Where the Wild Things Are,2009-10-16,False,101,100000000,100086793
12437,tt0834001,Underworld: Rise of the Lycans,2009-01-22,True,92,35000000,91353501
18162,tt0457400,Land of the Lost,2009-06-05,False,102,100000000,68688831
20856,tt0775552,Aliens in the Attic,2009-07-31,False,86,45000000,57881056
19901,tt0433362,Daybreakers,2009-09-11,False,98,20000000,51416464
12244,tt0472033,9,2009-08-19,False,79,30000000,48428063
27205,tt1375666,Inception,2010-07-15,False,148,160000000,825532764
10138,tt1228705,Iron Man 2,2010-04-28,True,124,200000000,623933331
20526,tt1104001,TRON: Legacy,2010-12-10,True,125,170000000,400062763
38055,tt1001526,Megamind,2010-10-28,True,95,130000000,321887208
35791,tt1220634,Resident Evil: Afterlife,2010-09-09,True,97,60000000,300228084
20504,tt1037705,The Book of Eli,2010-01-11,False,118,80000000,157107755
34851,tt1424381,Predators,2010-07-03,True,107,40000000,126248813
42684,tt1564585,Skyline,2010-11-11,True,92,10000000,66821036
23048,tt1231587,Hot Tub Time Machine,2010-03-26,True,101,36000000,64572262
31867,tt1053424,Repo Men,2010-03-18,False,111,32000000,18409891
42188,tt1334260,Never Let Me Go,2010-09-15,False,104,15000000,9455232
30675,tt1483025,Planet Hulk,2010-02-02,False,81,0,7000000
43933,tt1470827,Monsters,2010-06-18,True,94,500000,4242978
37851,tt1620549,Hooked on the Game 2. The Next Level,2010-04-15,True,86,3500000,2294357
42194,tt0411951,TEKKEN,2010-03-20,True,92,30000000,967000
46837,tt1523483,Kaboom,2010-08-22,False,86,0,539957
467314,tt1593655,Browncoats: Redemption,2010-09-03,False,89,20000,113000
52015,tt1464580,Stake Land,2010-09-30,True,98,650000,33245
453263,tt6189784,Write A Book About It,2010-04-13,False,114,0,0
51859,tt1703049,Trigun: Badlands Rumble,2010-04-02,False,95,0,0
38356,tt1399103,Transformers: Dark of the Moon,2011-06-28,True,154,195000000,1123746996
61791,tt1318514,Rise of the Planet of the Apes,2011-08-03,True,105,93000000,482860185
1771,tt0458339,Captain America: The First Avenger,2011-07-22,True,124,140000000,370569774
49538,tt1270798,X-Men: First Class,2011-06-01,True,132,160000000,353624124
39254,tt0433035,Real Steel,2011-09-28,False,127,110000000,299268508
37686,tt1650062,Super 8,2011-06-08,False,112,50000000,260095987
44912,tt1133985,Green Lantern,2011-06-16,False,114,200000000,219851172
44943,tt1217613,Battle: Los Angeles,2011-03-08,False,116,70000000,202466756
49849,tt0409847,Cowboys & Aliens,2011-07-29,False,119,163000000,174822325
49530,tt1637688,In Time,2011-10-27,False,109,40000000,173930596
51876,tt1219289,Limitless,2011-03-08,False,105,27000000,161849455
45612,tt0945513,Source Code,2011-03-30,False,93,32000000,147332697
46529,tt1464540,I Am Number Four,2011-02-18,False,109,50000000,144492830
39538,tt1598778,Contagion,2011-09-08,False,106,60000000,137551594
38050,tt1385826,The Adjustment Bureau,2011-03-03,False,106,50200000,127869379
39513,tt1092026,Paul,2011-02-14,False,104,40000000,97552050
38321,tt0822847,Priest,2011-05-05,False,87,60000000,78309131
71469,tt1093357,The Darkest Hour,2011-12-22,False,89,30000000,64626786
38117,tt1152398,Beastly,2011-01-21,False,86,17000000,43165571
60935,tt0905372,The Thing,2011-10-12,True,103,35000000,28128670
24428,tt0848228,The Avengers,2012-04-25,True,143,220000000,1519557910
70160,tt1392170,The Hunger Games,2012-03-12,True,142,75000000,691210692
41154,tt1409024,Men in Black 3,2012-05-23,True,106,225000000,624026776
70981,tt1446714,Prometheus,2012-05-30,True,124,130000000,403170142
72545,tt1397514,Journey 2: The Mysterious Island,2012-01-19,True,94,79000000,355692760
44833,tt1440129,Battleship,2012-04-11,False,131,209000000,303025485
49529,tt0401729,John Carter,2012-03-07,False,132,260000000,284139100
71679,tt1855325,Resident Evil: Retribution,2012-09-12,True,95,65000000,240159255
64635,tt1386703,Total Recall,2012-08-02,False,121,125000000,198802074
76726,tt1706593,Chronicle,2012-02-01,False,84,15000000,145000000
83542,tt1371111,Cloud Atlas,2012-10-26,False,172,102000000,130482868
80035,tt1298649,The Watch,2012-07-26,False,98,68000000,68267862
75629,tt0860907,Evangelion: 3.0 You Can (Not) Redo,2012-11-17,True,106,0,60487945
59967,tt1276104,Looper,2012-09-26,False,118,30000000,47042000
60747,tt1234719,Red Dawn,2012-11-21,False,93,65000000,44806783
49049,tt1343727,Dredd,2012-09-07,False,95,50000000,41037742
81796,tt1592525,Lockout,2012-04-12,False,95,20000000,32204030
88005,tt1307068,Seeking a Friend for the End of the World,2012-06-22,False,101,10000000,9636289
10679,tt1034314,Iron Sky,2012-03-10,True,93,7500000,8135031
58244,tt1374992,Upside Down,2012-09-27,False,104,60000000,8106475
68721,tt1300854,Iron Man 3,2013-04-18,True,130,200000000,1215439994
101299,tt1951264,The Hunger Games: Catching Fire,2013-11-15,True,146,130000000,847423452
49047,tt1454468,Gravity,2013-10-03,False,91,105000000,716392705
49521,tt0770828,Man of Steel,2013-06-12,True,143,225000000,668045518
72190,tt0816711,World War Z,2013-06-20,True,116,200000000,531865000
54138,tt1408101,Star Trek Into Darkness,2013-05-05,True,132,190000000,467365246
76170,tt1430132,The Wolverine,2013-07-23,True,126,120000000,415440673
68726,tt1663662,Pacific Rim,2013-07-11,True,131,180000000,407602906
72559,tt1583421,G.I. Joe: Retaliation,2013-03-26,True,110,130000000,371876278
75612,tt1483013,Oblivion,2013-04-10,False,124,120000000,286168572
68724,tt1535108,Elysium,2013-08-07,False,109,115000000,286140700
82700,tt1815862,After Earth,2013-05-30,False,100,130000000,243843127
80274,tt1731141,Ender's Game,2013-10-23,False,114,110000000,125537191
87421,tt1411250,Riddick,2013-09-02,True,119,38000000,98337295
158015,tt2184339,The Purge,2013-05-31,True,86,3000000,89328627
122906,tt2194499,About Time,2013-08-16,False,123,12000000,87100449
110415,tt1706620,Snowpiercer,2013-08-01,False,126,39200000,86758912
68179,tt0765446,Escape from Planet Earth,2013-02-14,False,89,40000000,74597643
72710,tt1517260,The Host,2013-03-22,False,125,44000000,63327201
152601,tt1798709,Her,2013-12-18,False,126,23000000,47351251
91314,tt2109248,Transformers: Age of Extinction,2014-06-25,True,165,210000000,1091405097
118340,tt2015381,Guardians of the Galaxy,2014-07-30,True,121,170000000,773328629
131631,tt1951265,The Hunger Games: Mockingjay - Part 1,2014-11-18,True,123,125000000,752100229
127585,tt1877832,X-Men: Days of Future Past,2014-05-15,True,131,250000000,747862775
100402,tt1843866,Captain America: The Winter Soldier,2014-03-20,True,136,170000000,714766572
119450,tt2103281,Dawn of the Planet of the Apes,2014-06-26,True,130,170000000,710644566
157336,tt0816692,Interstellar,2014-11-05,False,169,165000000,675120017
124905,tt0831387,Godzilla,2014-05-14,True,123,160000000,529076069
98566,tt1291150,Teenage Mutant Ninja Turtles,2014-08-07,True,101,125000000,477200000
137113,tt1631867,Edge of Tomorrow,2014-05-27,False,113,178000000,370541256
198663,tt1790864,The Maze Runner,2014-09-10,True,113,34000000,348300000
157350,tt1840309,Divergent,2014-03-14,True,139,85000000,288747895
97020,tt1234721,RoboCop,2014-01-30,True,102,120000000,242688965
240832,tt2872732,Lucy,2014-07-25,False,89,40000000,126546825
157353,tt2209764,Transcendence,2014-04-16,False,119,100000000,103039258
227156,tt0435651,The Giver,2014-08-11,False,94,25000000,66980456
238603,tt2183034,Earth to Echo,2014-06-14,False,89,13000000,45300000
208763,tt1224378,Forbidden Kingdom,2014-01-30,True,127,26000000,34592118
218043,tt2467046,Left Behind,2014-10-03,False,110,16000000,19682924
270654,tt2495104,Parts Per Billion,2014-03-25,False,98,1300000,15000000
140607,tt2488496,Star Wars: The Force Awakens,2015-12-15,True,136,245000000,2068223624
135397,tt0369610,Jurassic World,2015-06-06,True,124,150000000,1671713208
99861,tt2395427,Avengers: Age of Ultron,2015-04-22,True,141,280000000,1405403694
131634,tt1951266,The Hunger Games: Mockingjay - Part 2,2015-11-18,True,137,160000000,653428261
286217,tt3659388,The Martian,2015-09-30,False,141,108000000,630161890
102899,tt0478970,Ant-Man,2015-07-14,True,117,130000000,519311965
87101,tt1340138,Terminator Genisys,2015-06-23,True,126,155000000,440603537
76341,tt1392190,Mad Max: Fury Road,2015-05-13,True,121,150000000,378858340
228161,tt2224026,Home,2015-03-18,False,94,135000000,368871007
294254,tt4046784,Maze Runner: The Scorch Trials,2015-09-09,True,132,61000000,311256926
262500,tt2908446,Insurgent,2015-03-18,True,119,110000000,295238201
257344,tt2120120,Pixels,2015-07-16,False,105,88000000,243637091
158852,tt1964418,Tomorrowland,2015-05-19,False,130,190000000,209154322
76757,tt1617661,Jupiter Ascending,2015-02-04,False,124,176000003,183987723
166424,tt1502712,Fantastic Four,2015-08-05,False,100,120000000,167977596
274854,tt1618442,The Last Witch Hunter,2015-10-21,False,106,90000000,146936910
198184,tt1823672,Chappie,2015-03-04,False,120,49000000,104399548
264660,tt0470752,Ex Machina,2015-01-21,False,108,15000000,36869414
228066,tt1976009,Victor Frankenstein,2015-11-10,False,109,40000000,34227298
227719,tt2436386,Project Almanac,2015-01-28,False,106,12000000,32248241
271110,tt3498820,Captain America: Civil War,2016-04-27,True,147,240000000,1153304495
330459,tt3748528,Rogue One: A Star Wars Story,2016-12-14,False,133,200000000,1056057273
297761,tt1386697,Suicide Squad,2016-08-03,True,124,176000000,745600054
284052,tt1211837,Doctor Strange,2016-10-25,False,115,166000000,677718395
246655,tt3385516,X-Men: Apocalypse,2016-05-18,True,144,178000000,543934787
47933,tt1628841,Independence Day: Resurgence,2016-06-22,True,120,165000000,389681935
188927,tt2660888,Star Trek Beyond,2016-07-07,True,122,185000000,343471816
173897,tt2592614,Resident Evil: The Final Chapter,2016-12-23,True,107,40000000,312242626
274870,tt1355644,Passengers,2016-12-21,False,116,110000000,303144152
308531,tt3949660,Teenage Mutant Ninja Turtles: Out of the Shadows,2016-06-01,True,112,135000000,245623848
121856,tt2094766,Assassin's Creed,2016-12-21,False,115,125000000,240697856
329865,tt2543164,Arrival,2016-11-10,False,116,47000000,203388186
262504,tt3410834,Allegiant,2016-03-09,True,121,110000000,179246868
205584,tt2404233,Gods of Egypt,2016-02-25,False,127,140000000,150680864
299687,tt2304933,The 5th Wave,2016-01-14,False,112,38000000,109906372
333371,tt1179933,10 Cloverfield Lane,2016-03-10,False,104,15000000,108286421
315011,tt4262980,Shin Godzilla,2016-07-29,False,120,15000000,77947607
262841,tt3095734,Monster Trucks,2016-12-26,False,105,125000000,64493915
416149,tt4616250,The Perfect Weapon,2016-09-09,False,88,8000000,17000000
302156,tt3014866,Criminal,2016-04-07,False,113,31500000,14708696
181808,tt2527336,Star Wars: The Last Jedi,2017-12-13,True,152,200000000,1332459537
315635,tt2250912,Spider-Man: Homecoming,2017-07-05,True,133,175000000,880166924
283995,tt3896198,Guardians of the Galaxy Vol. 2,2017-04-19,True,137,200000000,863756051
284053,tt3501632,Thor: Ragnarok,2017-10-25,True,130,180000000,853977126
141052,tt0974015,Justice League,2017-11-15,True,120,500000000,657924295
263115,tt3315342,Logan,2017-02-28,True,137,97000000,616801808
335988,tt3371366,Transformers: The Last Knight,2017-06-16,True,149,217000000,605425157
281338,tt3450958,War for the Planet of the Apes,2017-07-11,True,140,150000000,488533726
335984,tt1856101,Blade Runner 2049,2017-10-04,True,163,150000000,259239658
126889,tt2316204,Alien: Covenant,2017-05-09,True,122,97000000,232380243
339964,tt2239822,Valerian and the City of a Thousand Planets,2017-07-20,False,136,177200000,225874228
274855,tt1981128,Geostorm,2017-10-13,False,109,120000000,221600160
315837,tt1219827,Ghost in the Shell,2017-03-29,True,107,110000000,169801921
305470,tt3717490,Power Rangers,2017-03-23,True,124,100000000,142337240
353491,tt1648190,The Dark Tower,2017-08-03,False,95,60000000,111757995
395992,tt5442430,Life,2017-03-22,False,103,58000000,100541806
301337,tt1389072,Downsizing,2017-12-22,False,135,68000000,55003890
400710,tt2039338,Flatliners,2017-09-28,False,110,19000000,45158254
340837,tt4731136,A Cure for Wellness,2017-02-15,False,146,40000000,26559557
339988,tt4287320,The Circle,2017-04-27,False,110,18000000,20497844
284054,tt1825683,Black Panther,2018-02-13,True,134,200000000,1346739107
351286,tt4881806,Jurassic World: Fallen Kingdom,2018-06-06,True,129,170000000,1303459585
363088,tt5095030,Ant-Man and the Wasp,2018-07-04,True,119,140000000,622379576
333339,tt1677720,Ready Player One,2018-03-28,False,140,175000000,582218455
335983,tt1270797,Venom,2018-10-03,False,112,116000000,508400000
427641,tt2231461,Rampage,2018-04-12,False,107,120000000,426245950
348350,tt3778644,Solo: A Star Wars Story,2018-05-15,False,135,250000000,392952373
447332,tt6644200,A Quiet Place,2018-04-03,True,91,17000000,332583447
345940,tt4779682,The Meg,2018-08-09,False,114,150000000,315960074
268896,tt2557478,Pacific Rim: Uprising,2018-03-21,True,111,150000000,290061297
336843,tt4500922,Maze Runner: The Death Cure,2018-01-10,True,144,62000000,284881603
407451,tt1620680,A Wrinkle in Time,2018-03-08,False,109,103000000,132675864
300668,tt2798920,Annihilation,2018-02-22,False,115,40000000,43070915
442249,tt6133466,The First Purge,2018-07-04,True,97,13000000,41953945
445651,tt4073790,The Darkest Minds,2018-08-02,False,105,34000000,24420461
438799,tt4530422,Overlord,2018-10-25,False,110,38000000,23667913
406761,tt5834262,Hotel Artemis,2018-06-07,False,94,15000000,12371132
500664,tt6499752,Upgrade,2018-06-01,False,100,5000000,11871365
425505,tt6017942,Kin,2018-08-29,False,102,30000000,10000000
465136,tt7026672,Every Day,2018-02-22,False,97,4900000,6102076
